{
  "name": "SocketIoClient",
  "version": "0.3.1",
  "keywords": [
    "wifi", 
    "http",
    "web",
    "client",
    "websocket",
    "socket.io",
    "esp8266",
    "esp32",
    "ssl"
  ],
  "description": "Socket.IO Client for ESP8266 and ESP32 with SSL/TLS support",
  "repository": {
    "type": "git",
    "url": "https://github.com/timum-viw/socket.io-client.git"
  },
  "exclude": [
    "tests",
    "examples_old"
  ],
  "frameworks": "arduino",
  "platforms": [
    "espressif8266",
    "espressif32"
  ],
  "authors": [
    {
      "name": "Vincent Wyszynski",
      "email": "timum.viw@gmail.com",
      "maintainer": true
    }
  ],
  "dependencies": [
    {
      "name": "WebSockets_Generic",
      "version": ">=2.14.1"
    }
  ],
  "build": {
    "flags": [
      "-Wall",
      "-Wextra"
    ],
    "includeDir": "src"
  },
  "examples": [
    {
      "name": "BasicExample",
      "base": "examples/Basic",
      "files": [
        "BasicExample.ino"
      ]
    },
    {
      "name": "SSLExample",
      "base": "examples/SSL",
      "files": [
        "SSLExample.ino"
      ]
    }
  ],
  "headers": [
    "SocketIoClient.h"
  ]
}